{"cameraMode":{"drawMode":0,"name":"Shaded","section":"Shading Mode"},"sceneLighting":true,"audioPlay":false,"sceneViewState":{"showFog":true,"showMaterialUpdate":false,"showSkybox":true,"showFlares":true,"showImageEffects":true,"showParticleSystems":true},"in2DMode":false,"pivot":{"x":-8.440357208251954,"y":15.575695037841797,"z":12.545425415039063},"rotation":{"x":-0.2318788468837738,"y":-0.011092836037278176,"z":0.0026501272805035116,"w":-0.9727790355682373},"size":52.82249450683594,"orthographic":false}