{"cameraMode":{"drawMode":0,"name":"Shaded","section":"Shading Mode"},"sceneLighting":false,"audioPlay":false,"sceneViewState":{"showFog":true,"showMaterialUpdate":false,"showSkybox":false,"showFlares":true,"showImageEffects":true,"showParticleSystems":true},"in2DMode":false,"pivot":{"x":27.278053283691408,"y":1.9541560411453248,"z":-9.856917381286621},"rotation":{"x":0.11616770923137665,"y":0.50567626953125,"z":-0.06859403103590012,"w":0.8521884083747864},"size":6.309616565704346,"orthographic":false}