{"cameraMode":{"drawMode":0,"name":"Shaded","section":"Shading Mode"},"sceneLighting":false,"audioPlay":false,"sceneViewState":{"showFog":true,"showMaterialUpdate":false,"showSkybox":false,"showFlares":true,"showImageEffects":true,"showParticleSystems":true},"in2DMode":false,"pivot":{"x":-106.69856262207031,"y":4.660722732543945,"z":5.642083168029785},"rotation":{"x":-0.08521435409784317,"y":0.3597634732723236,"z":-0.03300341218709946,"w":-0.9286625981330872},"size":52.82249450683594,"orthographic":false}