{"cameraMode":{"drawMode":0,"name":"Shaded","section":"Shading Mode"},"sceneLighting":false,"audioPlay":false,"sceneViewState":{"showFog":true,"showMaterialUpdate":false,"showSkybox":false,"showFlares":true,"showImageEffects":true,"showParticleSystems":true},"in2DMode":false,"pivot":{"x":0.20000000298023225,"y":1.7999999523162842,"z":1.909999966621399},"rotation":{"x":-0.1270613819360733,"y":0.07817497849464417,"z":-0.010150752030313015,"w":-0.9887983798980713},"size":0.17320510745048524,"orthographic":false}