{"cameraMode":{"drawMode":0,"name":"Shaded","section":"Shading Mode"},"sceneLighting":true,"audioPlay":false,"sceneViewState":{"showFog":true,"showMaterialUpdate":false,"showSkybox":false,"showFlares":true,"showImageEffects":true,"showParticleSystems":true},"in2DMode":false,"pivot":{"x":4.010927677154541,"y":0.005000000353902578,"z":-35.153900146484378},"rotation":{"x":0.09547389298677445,"y":0.7340859174728394,"z":-0.10555281490087509,"w":0.6639876365661621},"size":10.0,"orthographic":false}