{"cameraMode":{"drawMode":0,"name":"Shaded","section":"Shading Mode"},"sceneLighting":true,"audioPlay":false,"sceneViewState":{"showFog":true,"showMaterialUpdate":false,"showSkybox":true,"showFlares":true,"showImageEffects":true,"showParticleSystems":true},"in2DMode":false,"pivot":{"x":-20.371395111083986,"y":2.358856201171875,"z":-48.39958572387695},"rotation":{"x":-0.06706919521093369,"y":0.9269108772277832,"z":-0.30977192521095278,"w":-0.20111559331417085},"size":17.121774673461915,"orthographic":false}