{"cameraMode":{"drawMode":0,"name":"Shaded","section":"Shading Mode"},"sceneLighting":true,"audioPlay":false,"sceneViewState":{"showFog":true,"showMaterialUpdate":false,"showSkybox":true,"showFlares":true,"showImageEffects":true,"showParticleSystems":true},"in2DMode":false,"pivot":{"x":20.991193771362306,"y":1.615724802017212,"z":-20.138254165649415},"rotation":{"x":0.07842481136322022,"y":-0.7292383909225464,"z":0.0848701223731041,"w":0.6745067834854126},"size":0.695975661277771,"orthographic":false}